_id,FinancialYear,HBT,Dataset,DatasetQF,NumberOfAdmissions,NumberOfDischarges,NumberOfStays,NumberOfPatients,NumberOfHospitalResidents,NumberOfHospitalResidentsQF
1,1997/98,S08000015,Total,d,3540,3570,3360,2430,500, 
2,1997/98,S08000015,Total,d,900,910,870,780, ,:
3,1997/98,S08000015,SMR04, ,2640,2660,2490,1780,500, 
4,1997/98,S08000016,Total,d,900,930,860,610,130, 
5,1997/98,S08000016,Total,d,220,230,220,200, ,:
6,1997/98,S08000016,SMR04, ,680,700,650,450,130, 
7,1997/98,S08000017,Total,d,1100,1120,1030,820,270, 
8,1997/98,S08000017,Total,d,250,250,230,210, ,:
9,1997/98,S08000017,SMR04, ,850,860,800,640,270, 
10,1997/98,S08000029,Total,d,2200,2220,1980,1460,500, 
11,1997/98,S08000029,Total,d,290,290,250,240, ,:
12,1997/98,S08000029,SMR04, ,1910,1930,1730,1260,500, 
13,1997/98,S08000019,Total,d,1880,1930,1680,1250,390, 
14,1997/98,S08000019,Total,d,290,300,260,240, ,:
15,1997/98,S08000019,SMR04, ,1590,1640,1430,1050,390, 
16,1997/98,S08000020,Total,d,3370,3420,3180,2470,650, 
17,1997/98,S08000020,Total,d,1000,990,910,810, ,:
18,1997/98,S08000020,SMR04, ,2370,2430,2270,1740,650, 
19,1997/98,S08000031,Total,d,11320,11370,10280,7920,2200, 
20,1997/98,S08000031,Total,d,2690,2680,2440,2210, ,:
21,1997/98,S08000031,SMR04, ,8630,8690,7840,5950,2200, 
22,1997/98,S08000022,Total,d,3070,3090,2820,2090,350, 
23,1997/98,S08000022,Total,d,1010,1010,930,770, ,:
24,1997/98,S08000022,SMR04, ,2060,2080,1890,1470,350, 
25,1997/98,S08000032,Total,d,3230,3190,2930,2250,680, 
26,1997/98,S08000032,Total,d,660,660,630,580, ,:
27,1997/98,S08000032,SMR04, ,2570,2520,2300,1750,680, 
28,1997/98,S08000024,Total,d,6610,6680,6150,4290,1140, 
29,1997/98,S08000024,Total,d,1130,1140,990,880, ,:
30,1997/98,S08000024,SMR04, ,5480,5540,5160,3540,1140, 
31,1997/98,S08000025,Total,d,60,70,60,60,0, 
32,1997/98,S08000025,Total,d,60,70,60,60, ,:
33,1997/98,S08000025,SMR04, ,0,0,0,0,0, 
34,1997/98,S08000026,Total,d,120,120,120,90,0, 
35,1997/98,S08000026,Total,d,120,120,120,90, ,:
36,1997/98,S08000026,SMR04, ,0,0,0,0,0, 
37,1997/98,S08000030,Total,d,3670,3690,3350,2560,780, 
38,1997/98,S08000030,Total,d,710,710,660,620, ,:
39,1997/98,S08000030,SMR04, ,2960,2980,2680,2040,780, 
40,1997/98,S08000028,Total,d,300,320,310,210,30, 
41,1997/98,S08000028,Total,d,130,130,130,100, ,:
42,1997/98,S08000028,SMR04, ,180,190,180,110,30, 
43,1997/98,SB0802,Total,d,80,80,30,80,220, 
44,1997/98,SB0802,Total,d,0,0,0,0, ,:
45,1997/98,SB0802,SMR04, ,80,80,30,80,220, 
46,1998/99,S08000015,Total,d,3520,3560,3340,2390,470, 
47,1998/99,S08000015,Total,d,850,850,800,700, ,:
48,1998/99,S08000015,SMR04, ,2680,2700,2540,1810,470, 
49,1998/99,S08000016,Total,d,860,870,800,610,120, 
50,1998/99,S08000016,Total,d,220,220,200,190, ,:
51,1998/99,S08000016,SMR04, ,640,650,600,450,120, 
52,1998/99,S08000017,Total,d,1140,1180,1070,880,230, 
53,1998/99,S08000017,Total,d,310,310,280,260, ,:
54,1998/99,S08000017,SMR04, ,830,870,790,650,230, 
55,1998/99,S08000029,Total,d,2280,2300,2050,1530,480, 
56,1998/99,S08000029,Total,d,320,310,270,260, ,:
57,1998/99,S08000029,SMR04, ,1960,1980,1770,1290,480, 
58,1998/99,S08000019,Total,d,1690,1750,1530,1210,330, 
59,1998/99,S08000019,Total,d,300,300,280,260, ,:
60,1998/99,S08000019,SMR04, ,1390,1450,1250,980,330, 
61,1998/99,S08000020,Total,d,3670,3700,3360,2580,610, 
62,1998/99,S08000020,Total,d,980,980,900,810, ,:
63,1998/99,S08000020,SMR04, ,2690,2720,2460,1870,610, 
64,1998/99,S08000031,Total,d,10810,11050,10000,7810,2010, 
65,1998/99,S08000031,Total,d,2720,2760,2440,2210, ,:
66,1998/99,S08000031,SMR04, ,8090,8290,7550,5820,2010, 
67,1998/99,S08000022,Total,d,3210,3190,3000,2150,360, 
68,1998/99,S08000022,Total,d,1120,1120,1010,830, ,:
69,1998/99,S08000022,SMR04, ,2080,2080,1980,1450,360, 
70,1998/99,S08000032,Total,d,3580,3590,3230,2470,670, 
71,1998/99,S08000032,Total,d,790,780,710,640, ,:
72,1998/99,S08000032,SMR04, ,2790,2810,2520,1910,670, 
73,1998/99,S08000024,Total,d,6530,6580,5950,4250,1070, 
74,1998/99,S08000024,Total,d,1200,1180,1030,940, ,:
75,1998/99,S08000024,SMR04, ,5330,5400,4920,3440,1070, 
76,1998/99,S08000025,Total,d,60,60,60,50,0, 
77,1998/99,S08000025,Total,d,60,60,60,50, ,:
78,1998/99,S08000025,SMR04, ,0,0,0,0,0, 
79,1998/99,S08000026,Total,d,110,110,110,80,0, 
80,1998/99,S08000026,Total,d,110,110,110,80, ,:
81,1998/99,S08000026,SMR04, ,0,0,0,0,0, 
82,1998/99,S08000030,Total,d,3650,3740,3330,2590,700, 
83,1998/99,S08000030,Total,d,730,730,680,590, ,:
84,1998/99,S08000030,SMR04, ,2920,3000,2650,2080,700, 
85,1998/99,S08000028,Total,d,190,170,170,140,40, 
86,1998/99,S08000028,Total,d,130,130,130,110, ,:
87,1998/99,S08000028,SMR04, ,50,40,40,40,40, 
88,1998/99,SB0802,Total,d,80,60,20,60,250, 
89,1998/99,SB0802,Total,d,0,0,0,0, ,:
90,1998/99,SB0802,SMR04, ,80,60,20,60,250, 
91,1999/00,S08000015,Total,d,3260,3280,3070,2170,450, 
92,1999/00,S08000015,Total,d,810,820,770,660, ,:
93,1999/00,S08000015,SMR04, ,2440,2460,2300,1630,450, 
94,1999/00,S08000016,Total,d,880,880,760,600,120, 
95,1999/00,S08000016,Total,d,220,220,210,190, ,:
96,1999/00,S08000016,SMR04, ,660,660,550,440,120, 
97,1999/00,S08000017,Total,d,970,1000,920,740,200, 
98,1999/00,S08000017,Total,d,240,240,220,200, ,:
99,1999/00,S08000017,SMR04, ,720,760,700,570,200, 
100,1999/00,S08000029,Total,d,2220,2250,1970,1480,450, 
101,1999/00,S08000029,Total,d,350,350,290,280, ,:
102,1999/00,S08000029,SMR04, ,1870,1900,1680,1240,450, 
103,1999/00,S08000019,Total,d,1520,1550,1360,1100,300, 
104,1999/00,S08000019,Total,d,330,330,310,270, ,:
105,1999/00,S08000019,SMR04, ,1190,1220,1050,860,300, 
106,1999/00,S08000020,Total,d,3540,3530,3180,2440,610, 
107,1999/00,S08000020,Total,d,1000,1000,920,820, ,:
108,1999/00,S08000020,SMR04, ,2540,2530,2260,1720,610, 
109,1999/00,S08000031,Total,d,11110,11210,9970,7930,1900, 
110,1999/00,S08000031,Total,d,2810,2810,2510,2260, ,:
111,1999/00,S08000031,SMR04, ,8300,8400,7460,5900,1900, 
112,1999/00,S08000022,Total,d,3310,3310,3150,2240,350, 
113,1999/00,S08000022,Total,d,1130,1120,1050,860, ,:
114,1999/00,S08000022,SMR04, ,2180,2180,2100,1530,350, 
115,1999/00,S08000032,Total,d,3810,3850,3420,2660,630, 
116,1999/00,S08000032,Total,d,860,880,820,710, ,:
117,1999/00,S08000032,SMR04, ,2940,2970,2610,2040,630, 
118,1999/00,S08000024,Total,d,6340,6450,5780,4280,970, 
119,1999/00,S08000024,Total,d,1150,1150,1020,950, ,:
120,1999/00,S08000024,SMR04, ,5190,5300,4760,3440,970, 
121,1999/00,S08000025,Total,d,60,60,50,50,0, 
122,1999/00,S08000025,Total,d,60,60,50,50, ,:
123,1999/00,S08000025,SMR04, ,0,0,0,0,0, 
124,1999/00,S08000026,Total,d,100,100,90,80,0, 
125,1999/00,S08000026,Total,d,100,100,90,80, ,:
126,1999/00,S08000026,SMR04, ,0,0,0,0,0, 
127,1999/00,S08000030,Total,d,3340,3390,3090,2430,650, 
128,1999/00,S08000030,Total,d,670,670,640,580, ,:
129,1999/00,S08000030,SMR04, ,2670,2720,2460,1930,650, 
130,1999/00,S08000028,Total,d,330,340,330,220,30, 
131,1999/00,S08000028,Total,d,160,160,160,120, ,:
132,1999/00,S08000028,SMR04, ,180,180,170,110,30, 
133,1999/00,SB0802,Total,d,70,80,20,80,240, 
134,1999/00,SB0802,Total,d,0,0,0,0, ,:
135,1999/00,SB0802,SMR04, ,70,80,20,80,240, 
136,2000/01,S08000015,Total,d,3090,3110,2920,2110,420, 
137,2000/01,S08000015,Total,d,760,760,730,610, ,:
138,2000/01,S08000015,SMR04, ,2330,2350,2190,1580,420, 
139,2000/01,S08000016,Total,d,840,830,750,580,130, 
140,2000/01,S08000016,Total,d,200,210,200,180, ,:
141,2000/01,S08000016,SMR04, ,630,620,550,420,130, 
142,2000/01,S08000017,Total,d,1070,1100,970,790,160, 
143,2000/01,S08000017,Total,d,250,240,220,190, ,:
144,2000/01,S08000017,SMR04, ,820,860,760,630,160, 
145,2000/01,S08000029,Total,d,2070,2090,1830,1420,430, 
146,2000/01,S08000029,Total,d,360,360,300,270, ,:
147,2000/01,S08000029,SMR04, ,1710,1730,1530,1170,430, 
148,2000/01,S08000019,Total,d,1580,1570,1370,1100,320, 
149,2000/01,S08000019,Total,d,270,280,260,250, ,:
150,2000/01,S08000019,SMR04, ,1310,1300,1110,870,320, 
151,2000/01,S08000020,Total,d,3670,3710,3160,2470,570, 
152,2000/01,S08000020,Total,d,1000,1000,920,810, ,:
153,2000/01,S08000020,SMR04, ,2670,2700,2250,1730,570, 
154,2000/01,S08000031,Total,d,10590,10670,9610,7490,1820, 
155,2000/01,S08000031,Total,d,2640,2640,2360,2110, ,:
156,2000/01,S08000031,SMR04, ,7940,8030,7250,5610,1820, 
157,2000/01,S08000022,Total,d,3580,3600,3260,2300,350, 
158,2000/01,S08000022,Total,d,1240,1260,1170,930, ,:
159,2000/01,S08000022,SMR04, ,2340,2340,2100,1540,350, 
160,2000/01,S08000032,Total,d,3850,3860,3380,2580,630, 
161,2000/01,S08000032,Total,d,880,880,780,670, ,:
162,2000/01,S08000032,SMR04, ,2970,2970,2590,1980,630, 
163,2000/01,S08000024,Total,d,6060,6100,5350,4040,930, 
164,2000/01,S08000024,Total,d,1120,1120,980,890, ,:
165,2000/01,S08000024,SMR04, ,4940,4970,4380,3260,930, 
166,2000/01,S08000025,Total,d,80,70,70,60,0, 
167,2000/01,S08000025,Total,d,80,70,70,60, ,:
168,2000/01,S08000025,SMR04, ,0,0,0,0,0, 
169,2000/01,S08000026,Total,d,90,100,100,80,0, 
170,2000/01,S08000026,Total,d,90,100,100,80, ,:
171,2000/01,S08000026,SMR04, ,0,0,0,0,0, 
172,2000/01,S08000030,Total,d,3210,3270,2990,2320,600, 
173,2000/01,S08000030,Total,d,600,600,580,540, ,:
174,2000/01,S08000030,SMR04, ,2620,2660,2410,1840,600, 
175,2000/01,S08000028,Total,d,330,330,310,210,30, 
176,2000/01,S08000028,Total,d,140,140,140,110, ,:
177,2000/01,S08000028,SMR04, ,190,190,170,110,30, 
178,2000/01,SB0802,Total,d,100,110,30,100,230, 
179,2000/01,SB0802,Total,d,0,0,0,0, ,:
180,2000/01,SB0802,SMR04, ,100,110,30,100,230, 
181,2001/02,S08000015,Total,d,3090,3130,2900,2090,390, 
182,2001/02,S08000015,Total,d,800,800,760,630, ,:
183,2001/02,S08000015,SMR04, ,2290,2330,2140,1550,390, 
184,2001/02,S08000016,Total,d,920,930,840,640,110, 
185,2001/02,S08000016,Total,d,270,260,250,210, ,:
186,2001/02,S08000016,SMR04, ,650,660,590,460,110, 
187,2001/02,S08000017,Total,d,1070,1080,970,780,150, 
188,2001/02,S08000017,Total,d,300,300,260,240, ,:
189,2001/02,S08000017,SMR04, ,770,780,710,570,150, 
190,2001/02,S08000029,Total,d,2170,2180,1840,1460,420, 
191,2001/02,S08000029,Total,d,340,330,290,280, ,:
192,2001/02,S08000029,SMR04, ,1840,1840,1550,1220,420, 
193,2001/02,S08000019,Total,d,1540,1560,1380,1100,290, 
194,2001/02,S08000019,Total,d,260,260,250,230, ,:
195,2001/02,S08000019,SMR04, ,1280,1300,1140,890,290, 
196,2001/02,S08000020,Total,d,3530,3550,3130,2400,560, 
197,2001/02,S08000020,Total,d,1060,1060,980,870, ,:
198,2001/02,S08000020,SMR04, ,2470,2500,2150,1600,560, 
199,2001/02,S08000031,Total,d,10480,10560,9180,7250,1760, 
200,2001/02,S08000031,Total,d,2830,2840,2400,2160, ,:
201,2001/02,S08000031,SMR04, ,7650,7710,6790,5320,1760, 
202,2001/02,S08000022,Total,d,3000,3040,2890,2090,310, 
203,2001/02,S08000022,Total,d,1050,1050,980,810, ,:
204,2001/02,S08000022,SMR04, ,1950,1990,1910,1410,310, 
205,2001/02,S08000032,Total,d,3690,3710,3260,2550,600, 
206,2001/02,S08000032,Total,d,790,780,690,610, ,:
207,2001/02,S08000032,SMR04, ,2900,2920,2570,2000,600, 
208,2001/02,S08000024,Total,d,6450,6470,5530,4180,900, 
209,2001/02,S08000024,Total,d,1310,1290,1050,970, ,:
210,2001/02,S08000024,SMR04, ,5140,5170,4470,3340,900, 
211,2001/02,S08000025,Total,d,80,80,80,60,0, 
212,2001/02,S08000025,Total,d,80,80,80,60, ,:
213,2001/02,S08000025,SMR04, ,0,0,0,0,0, 
214,2001/02,S08000026,Total,d,80,80,80,70,0, 
215,2001/02,S08000026,Total,d,80,80,80,70, ,:
216,2001/02,S08000026,SMR04, ,0,0,0,0,0, 
217,2001/02,S08000030,Total,d,3190,3240,2910,2260,550, 
218,2001/02,S08000030,Total,d,600,600,580,520, ,:
219,2001/02,S08000030,SMR04, ,2590,2640,2330,1810,550, 
220,2001/02,S08000028,Total,d,340,330,320,220,40, 
221,2001/02,S08000028,Total,d,160,160,160,120, ,:
222,2001/02,S08000028,SMR04, ,180,180,170,100,40, 
223,2001/02,SB0802,Total,d,160,150,20,140,230, 
224,2001/02,SB0802,Total,d,0,0,0,0, ,:
225,2001/02,SB0802,SMR04, ,160,150,20,140,230, 
226,2002/03,S08000015,Total,d,2840,2870,2710,2020,360, 
227,2002/03,S08000015,Total,d,770,770,750,640, ,:
228,2002/03,S08000015,SMR04, ,2070,2100,1960,1460,360, 
229,2002/03,S08000016,Total,d,980,990,890,680,110, 
230,2002/03,S08000016,Total,d,290,290,270,240, ,:
231,2002/03,S08000016,SMR04, ,690,700,620,470,110, 
232,2002/03,S08000017,Total,d,1020,1020,940,740,140, 
233,2002/03,S08000017,Total,d,260,260,230,200, ,:
234,2002/03,S08000017,SMR04, ,760,760,720,560,140, 
235,2002/03,S08000029,Total,d,2130,2220,1910,1470,330, 
236,2002/03,S08000029,Total,d,340,340,270,260, ,:
237,2002/03,S08000029,SMR04, ,1790,1880,1640,1230,330, 
238,2002/03,S08000019,Total,d,1600,1590,1400,1140,310, 
239,2002/03,S08000019,Total,d,270,270,270,250, ,:
240,2002/03,S08000019,SMR04, ,1340,1320,1140,920,310, 
241,2002/03,S08000020,Total,d,3200,3250,2940,2310,520, 
242,2002/03,S08000020,Total,d,880,890,860,740, ,:
243,2002/03,S08000020,SMR04, ,2320,2350,2090,1640,520, 
244,2002/03,S08000031,Total,d,10150,10200,8980,7170,1700, 
245,2002/03,S08000031,Total,d,2880,2870,2350,2170, ,:
246,2002/03,S08000031,SMR04, ,7270,7320,6630,5220,1700, 
247,2002/03,S08000022,Total,d,3050,3040,2890,2090,310, 
248,2002/03,S08000022,Total,d,1050,1040,980,790, ,:
249,2002/03,S08000022,SMR04, ,2000,2000,1910,1420,310, 
250,2002/03,S08000032,Total,d,3870,3910,3440,2740,570, 
251,2002/03,S08000032,Total,d,900,900,760,680, ,:
252,2002/03,S08000032,SMR04, ,2970,3010,2680,2140,570, 
253,2002/03,S08000024,Total,d,6540,6580,5620,4260,870, 
254,2002/03,S08000024,Total,d,1440,1440,1170,1060, ,:
255,2002/03,S08000024,SMR04, ,5110,5130,4440,3330,870, 
256,2002/03,S08000025,Total,d,60,60,60,60,0, 
257,2002/03,S08000025,Total,d,60,60,60,60, ,:
258,2002/03,S08000025,SMR04, ,0,0,0,0,0, 
259,2002/03,S08000026,Total,d,100,100,100,70,0, 
260,2002/03,S08000026,Total,d,100,100,100,70, ,:
261,2002/03,S08000026,SMR04, ,0,0,0,0,0, 
262,2002/03,S08000030,Total,d,2810,2860,2580,2080,500, 
263,2002/03,S08000030,Total,d,510,510,490,440, ,:
264,2002/03,S08000030,SMR04, ,2300,2350,2090,1680,500, 
265,2002/03,S08000028,Total,d,360,360,350,220,40, 
266,2002/03,S08000028,Total,d,180,180,180,140, ,:
267,2002/03,S08000028,SMR04, ,180,180,170,100,40, 
268,2002/03,SB0802,Total,d,260,260,30,170,240, 
269,2002/03,SB0802,Total,d,0,0,0,0, ,:
270,2002/03,SB0802,SMR04, ,260,260,30,170,240, 
271,2003/04,S08000015,Total,d,2880,2880,2670,2030,360, 
272,2003/04,S08000015,Total,d,830,830,790,670, ,:
273,2003/04,S08000015,SMR04, ,2050,2040,1880,1440,360, 
274,2003/04,S08000016,Total,d,1050,1040,930,680,120, 
275,2003/04,S08000016,Total,d,290,280,260,230, ,:
276,2003/04,S08000016,SMR04, ,760,760,670,480,120, 
277,2003/04,S08000017,Total,d,980,1000,890,690,120, 
278,2003/04,S08000017,Total,d,210,210,180,170, ,:
279,2003/04,S08000017,SMR04, ,770,790,710,550,120, 
280,2003/04,S08000029,Total,d,2090,2060,1820,1400,370, 
281,2003/04,S08000029,Total,d,300,310,260,230, ,:
282,2003/04,S08000029,SMR04, ,1790,1750,1560,1190,370, 
283,2003/04,S08000019,Total,d,1670,1700,1450,1170,290, 
284,2003/04,S08000019,Total,d,320,320,300,280, ,:
285,2003/04,S08000019,SMR04, ,1360,1380,1150,920,290, 
286,2003/04,S08000020,Total,d,3300,3330,2920,2330,480, 
287,2003/04,S08000020,Total,d,920,910,820,730, ,:
288,2003/04,S08000020,SMR04, ,2380,2420,2100,1660,480, 
289,2003/04,S08000031,Total,d,10010,10160,8770,7100,1560, 
290,2003/04,S08000031,Total,d,3090,3090,2450,2220, ,:
291,2003/04,S08000031,SMR04, ,6920,7070,6320,5090,1560, 
292,2003/04,S08000022,Total,d,2860,2880,2690,2040,290, 
293,2003/04,S08000022,Total,d,1020,1020,900,760, ,:
294,2003/04,S08000022,SMR04, ,1850,1870,1790,1400,290, 
295,2003/04,S08000032,Total,d,3930,3910,3290,2690,580, 
296,2003/04,S08000032,Total,d,1040,1030,800,710, ,:
297,2003/04,S08000032,SMR04, ,2890,2880,2480,2070,580, 
298,2003/04,S08000024,Total,d,6280,6260,5260,4140,880, 
299,2003/04,S08000024,Total,d,1470,1460,1140,1050, ,:
300,2003/04,S08000024,SMR04, ,4810,4790,4120,3230,880, 
301,2003/04,S08000025,Total,d,80,80,80,60,0, 
302,2003/04,S08000025,Total,d,80,80,80,60, ,:
303,2003/04,S08000025,SMR04, ,0,0,0,0,0, 
304,2003/04,S08000026,Total,d,90,90,90,70,0, 
305,2003/04,S08000026,Total,d,90,90,90,70, ,:
306,2003/04,S08000026,SMR04, ,0,0,0,0,0, 
307,2003/04,S08000030,Total,d,2940,2950,2640,2140,490, 
308,2003/04,S08000030,Total,d,550,560,530,490, ,:
309,2003/04,S08000030,SMR04, ,2390,2390,2100,1710,490, 
310,2003/04,S08000028,Total,d,400,400,390,260,40, 
311,2003/04,S08000028,Total,d,220,220,210,170, ,:
312,2003/04,S08000028,SMR04, ,190,180,180,110,40, 
313,2003/04,SB0802,Total,d,270,280,30,160,230, 
314,2003/04,SB0802,Total,d,0,0,0,0, ,:
315,2003/04,SB0802,SMR04, ,270,280,30,160,230, 
316,2004/05,S08000015,Total,d,3000,3000,2770,2030,370, 
317,2004/05,S08000015,Total,d,930,940,870,700, ,:
318,2004/05,S08000015,SMR04, ,2070,2060,1890,1430,370, 
319,2004/05,S08000016,Total,d,1050,1050,940,680,110, 
320,2004/05,S08000016,Total,d,280,280,250,210, ,:
321,2004/05,S08000016,SMR04, ,770,780,680,500,110, 
322,2004/05,S08000017,Total,d,940,930,850,670,130, 
323,2004/05,S08000017,Total,d,220,210,190,180, ,:
324,2004/05,S08000017,SMR04, ,730,720,660,520,130, 
325,2004/05,S08000029,Total,d,1960,1980,1730,1360,350, 
326,2004/05,S08000029,Total,d,290,290,230,220, ,:
327,2004/05,S08000029,SMR04, ,1660,1680,1490,1170,350, 
328,2004/05,S08000019,Total,d,1700,1720,1410,1190,280, 
329,2004/05,S08000019,Total,d,320,320,290,270, ,:
330,2004/05,S08000019,SMR04, ,1390,1400,1120,950,280, 
331,2004/05,S08000020,Total,d,2950,2960,2650,2140,480, 
332,2004/05,S08000020,Total,d,770,780,740,660, ,:
333,2004/05,S08000020,SMR04, ,2180,2180,1910,1530,480, 
334,2004/05,S08000031,Total,d,9490,9590,8340,6710,1470, 
335,2004/05,S08000031,Total,d,2770,2780,2280,2060, ,:
336,2004/05,S08000031,SMR04, ,6720,6810,6070,4860,1470, 
337,2004/05,S08000022,Total,d,2700,2700,2500,1850,300, 
338,2004/05,S08000022,Total,d,1030,1040,900,740, ,:
339,2004/05,S08000022,SMR04, ,1660,1660,1600,1240,300, 
340,2004/05,S08000032,Total,d,3900,3950,3360,2690,520, 
341,2004/05,S08000032,Total,d,1040,1040,790,680, ,:
342,2004/05,S08000032,SMR04, ,2860,2910,2570,2100,520, 
343,2004/05,S08000024,Total,d,6100,6190,5250,4030,800, 
344,2004/05,S08000024,Total,d,1340,1350,1080,1010, ,:
345,2004/05,S08000024,SMR04, ,4760,4840,4170,3150,800, 
346,2004/05,S08000025,Total,d,80,80,80,60,0, 
347,2004/05,S08000025,Total,d,80,80,80,60, ,:
348,2004/05,S08000025,SMR04, ,0,0,0,0,0, 
349,2004/05,S08000026,Total,d,70,70,70,60,0, 
350,2004/05,S08000026,Total,d,70,70,70,60, ,:
351,2004/05,S08000026,SMR04, ,0,0,0,0,0, 
352,2004/05,S08000030,Total,d,2630,2690,2360,1970,420, 
353,2004/05,S08000030,Total,d,500,480,460,430, ,:
354,2004/05,S08000030,SMR04, ,2130,2210,1900,1600,420, 
355,2004/05,S08000028,Total,d,350,350,340,240,40, 
356,2004/05,S08000028,Total,d,190,190,190,150, ,:
357,2004/05,S08000028,SMR04, ,160,160,150,100,40, 
358,2004/05,SB0802,Total,d,310,310,20,170,230, 
359,2004/05,SB0802,Total,d,0,0,0,0, ,:
360,2004/05,SB0802,SMR04, ,310,310,20,170,230, 
361,2005/06,S08000015,Total,d,2730,2750,2510,1930,340, 
362,2005/06,S08000015,Total,d,800,800,760,640, ,:
363,2005/06,S08000015,SMR04, ,1930,1950,1760,1370,340, 
364,2005/06,S08000016,Total,d,920,920,800,610,110, 
365,2005/06,S08000016,Total,d,300,300,250,220, ,:
366,2005/06,S08000016,SMR04, ,630,630,550,420,110, 
367,2005/06,S08000017,Total,d,900,890,800,650,150, 
368,2005/06,S08000017,Total,d,200,200,170,160, ,:
369,2005/06,S08000017,SMR04, ,700,680,630,510,150, 
370,2005/06,S08000029,Total,d,2060,2090,1810,1450,320, 
371,2005/06,S08000029,Total,d,290,290,230,220, ,:
372,2005/06,S08000029,SMR04, ,1770,1800,1580,1250,320, 
373,2005/06,S08000019,Total,d,1520,1550,1230,1060,250, 
374,2005/06,S08000019,Total,d,270,270,230,220, ,:
375,2005/06,S08000019,SMR04, ,1260,1280,990,850,250, 
376,2005/06,S08000020,Total,d,2670,2710,2420,2020,440, 
377,2005/06,S08000020,Total,d,730,720,660,580, ,:
378,2005/06,S08000020,SMR04, ,1940,1990,1770,1480,440, 
379,2005/06,S08000031,Total,d,9580,9630,8350,6620,1430, 
380,2005/06,S08000031,Total,d,2910,2910,2340,2040, ,:
381,2005/06,S08000031,SMR04, ,6680,6720,6010,4800,1430, 
382,2005/06,S08000022,Total,d,2420,2450,2270,1740,270, 
383,2005/06,S08000022,Total,d,1000,1000,880,730, ,:
384,2005/06,S08000022,SMR04, ,1420,1450,1390,1100,270, 
385,2005/06,S08000032,Total,d,3640,3660,3080,2440,510, 
386,2005/06,S08000032,Total,d,1000,1000,760,660, ,:
387,2005/06,S08000032,SMR04, ,2640,2650,2320,1870,510, 
388,2005/06,S08000024,Total,d,6080,6140,5240,4010,730, 
389,2005/06,S08000024,Total,d,1510,1510,1200,1080, ,:
390,2005/06,S08000024,SMR04, ,4560,4640,4040,3070,730, 
391,2005/06,S08000025,Total,d,50,50,50,40,0, 
392,2005/06,S08000025,Total,d,50,50,50,40, ,:
393,2005/06,S08000025,SMR04, ,0,0,0,0,0, 
394,2005/06,S08000026,Total,d,60,60,60,50,0, 
395,2005/06,S08000026,Total,d,60,60,60,50, ,:
396,2005/06,S08000026,SMR04, ,0,0,0,0,0, 
397,2005/06,S08000030,Total,d,2580,2610,2410,1920,390, 
398,2005/06,S08000030,Total,d,440,450,440,410, ,:
399,2005/06,S08000030,SMR04, ,2140,2160,1960,1560,390, 
400,2005/06,S08000028,Total,d,370,380,370,270,40, 
401,2005/06,S08000028,Total,d,210,210,210,170, ,:
402,2005/06,S08000028,SMR04, ,160,170,160,120,40, 
403,2005/06,SB0802,Total,d,210,230,30,150,210, 
404,2005/06,SB0802,Total,d,0,0,0,0, ,:
405,2005/06,SB0802,SMR04, ,210,230,30,150,210, 
406,2006/07,S08000015,Total,d,2540,2560,2360,1840,330, 
407,2006/07,S08000015,Total,d,800,800,770,660, ,:
408,2006/07,S08000015,SMR04, ,1750,1760,1590,1250,330, 
409,2006/07,S08000016,Total,d,1130,1140,1010,680,110, 
410,2006/07,S08000016,Total,d,330,340,300,270, ,:
411,2006/07,S08000016,SMR04, ,800,800,710,440,110, 
412,2006/07,S08000017,Total,d,850,870,790,650,120, 
413,2006/07,S08000017,Total,d,240,230,200,190, ,:
414,2006/07,S08000017,SMR04, ,610,640,590,490,120, 
415,2006/07,S08000029,Total,d,2050,2040,1750,1360,330, 
416,2006/07,S08000029,Total,d,410,410,310,290, ,:
417,2006/07,S08000029,SMR04, ,1640,1630,1440,1120,330, 
418,2006/07,S08000019,Total,d,1450,1460,1180,990,240, 
419,2006/07,S08000019,Total,d,280,280,220,200, ,:
420,2006/07,S08000019,SMR04, ,1170,1180,950,810,240, 
421,2006/07,S08000020,Total,d,2720,2760,2500,2060,400, 
422,2006/07,S08000020,Total,d,740,750,700,610, ,:
423,2006/07,S08000020,SMR04, ,1980,2020,1790,1520,400, 
424,2006/07,S08000031,Total,d,9760,9790,8410,6760,1390, 
425,2006/07,S08000031,Total,d,3510,3500,2830,2480, ,:
426,2006/07,S08000031,SMR04, ,6260,6290,5590,4520,1390, 
427,2006/07,S08000022,Total,d,2540,2550,2270,1720,260, 
428,2006/07,S08000022,Total,d,1140,1140,940,760, ,:
429,2006/07,S08000022,SMR04, ,1400,1410,1330,1080,260, 
430,2006/07,S08000032,Total,d,3810,3870,3180,2490,460, 
431,2006/07,S08000032,Total,d,1170,1180,890,730, ,:
432,2006/07,S08000032,SMR04, ,2640,2700,2290,1850,460, 
433,2006/07,S08000024,Total,d,5850,5860,4940,3820,710, 
434,2006/07,S08000024,Total,d,1730,1730,1320,1180, ,:
435,2006/07,S08000024,SMR04, ,4120,4140,3620,2800,710, 
436,2006/07,S08000025,Total,d,60,50,50,40,0, 
437,2006/07,S08000025,Total,d,60,50,50,40, ,:
438,2006/07,S08000025,SMR04, ,0,0,0,0,0, 
439,2006/07,S08000026,Total,d,80,80,80,60,0, 
440,2006/07,S08000026,Total,d,80,80,80,60, ,:
441,2006/07,S08000026,SMR04, ,0,0,0,0,0, 
442,2006/07,S08000030,Total,d,2440,2440,2260,1820,380, 
443,2006/07,S08000030,Total,d,430,430,410,380, ,:
444,2006/07,S08000030,SMR04, ,2000,2010,1850,1480,380, 
445,2006/07,S08000028,Total,d,340,350,330,250,30, 
446,2006/07,S08000028,Total,d,230,230,230,170, ,:
447,2006/07,S08000028,SMR04, ,110,110,100,80,30, 
448,2006/07,SB0802,Total,d,130,140,20,110,200, 
449,2006/07,SB0802,Total,d,0,0,0,0, ,:
450,2006/07,SB0802,SMR04, ,130,140,20,110,200, 
451,2007/08,S08000015,Total,d,2600,2630,2390,1850,300, 
452,2007/08,S08000015,Total,d,870,860,820,690, ,:
453,2007/08,S08000015,SMR04, ,1730,1760,1570,1240,300, 
454,2007/08,S08000016,Total,d,1000,1020,920,640,90, 
455,2007/08,S08000016,Total,d,300,300,260,230, ,:
456,2007/08,S08000016,SMR04, ,700,720,660,440,90, 
457,2007/08,S08000017,Total,d,920,920,830,680,110, 
458,2007/08,S08000017,Total,d,310,300,250,230, ,:
459,2007/08,S08000017,SMR04, ,610,620,580,480,110, 
460,2007/08,S08000029,Total,d,2110,2150,1780,1400,300, 
461,2007/08,S08000029,Total,d,580,590,410,380, ,:
462,2007/08,S08000029,SMR04, ,1530,1560,1370,1070,300, 
463,2007/08,S08000019,Total,d,1440,1450,1180,970,220, 
464,2007/08,S08000019,Total,d,300,300,240,220, ,:
465,2007/08,S08000019,SMR04, ,1140,1150,950,780,220, 
466,2007/08,S08000020,Total,d,2800,2840,2540,2010,360, 
467,2007/08,S08000020,Total,d,900,900,810,670, ,:
468,2007/08,S08000020,SMR04, ,1900,1940,1730,1400,360, 
469,2007/08,S08000031,Total,d,9900,10010,8620,6800,1280, 
470,2007/08,S08000031,Total,d,3790,3790,2980,2510, ,:
471,2007/08,S08000031,SMR04, ,6110,6220,5630,4510,1280, 
472,2007/08,S08000022,Total,d,2540,2560,2310,1820,240, 
473,2007/08,S08000022,Total,d,1180,1180,990,790, ,:
474,2007/08,S08000022,SMR04, ,1360,1380,1320,1100,240, 
475,2007/08,S08000032,Total,d,4050,4040,3240,2500,450, 
476,2007/08,S08000032,Total,d,1600,1590,1150,900, ,:
477,2007/08,S08000032,SMR04, ,2450,2450,2090,1680,450, 
478,2007/08,S08000024,Total,d,5830,5840,4920,3890,690, 
479,2007/08,S08000024,Total,d,1960,1950,1510,1320, ,:
480,2007/08,S08000024,SMR04, ,3870,3880,3410,2740,690, 
481,2007/08,S08000025,Total,d,60,60,60,50,0, 
482,2007/08,S08000025,Total,d,60,60,60,50, ,:
483,2007/08,S08000025,SMR04, ,0,0,0,0,0, 
484,2007/08,S08000026,Total,d,70,70,70,60,0, 
485,2007/08,S08000026,Total,d,70,70,70,60, ,:
486,2007/08,S08000026,SMR04, ,0,0,0,0,0, 
487,2007/08,S08000030,Total,d,2610,2640,2470,1960,360, 
488,2007/08,S08000030,Total,d,510,510,490,450, ,:
489,2007/08,S08000030,SMR04, ,2100,2130,1980,1570,360, 
490,2007/08,S08000028,Total,d,250,260,250,200,20, 
491,2007/08,S08000028,Total,d,160,160,150,120, ,:
492,2007/08,S08000028,SMR04, ,90,100,90,80,20, 
493,2007/08,SB0802,Total,d,100,120,30,110,180, 
494,2007/08,SB0802,Total,d,0,0,0,0, ,:
495,2007/08,SB0802,SMR04, ,100,120,30,110,180, 
496,2008/09,S08000015,Total,d,2420,2460,2240,1730,270, 
497,2008/09,S08000015,Total,d,810,820,780,640, ,:
498,2008/09,S08000015,SMR04, ,1610,1640,1460,1200,270, 
499,2008/09,S08000016,Total,d,970,970,880,650,90, 
500,2008/09,S08000016,Total,d,300,300,280,240, ,:
501,2008/09,S08000016,SMR04, ,670,670,600,440,90, 
502,2008/09,S08000017,Total,d,870,890,800,650,100, 
503,2008/09,S08000017,Total,d,280,290,240,220, ,:
504,2008/09,S08000017,SMR04, ,590,600,560,460,100, 
505,2008/09,S08000029,Total,d,2060,2080,1760,1400,270, 
506,2008/09,S08000029,Total,d,590,600,400,370, ,:
507,2008/09,S08000029,SMR04, ,1470,1490,1360,1070,270, 
508,2008/09,S08000019,Total,d,1460,1470,1290,1040,220, 
509,2008/09,S08000019,Total,d,320,330,260,250, ,:
510,2008/09,S08000019,SMR04, ,1140,1140,1030,820,220, 
511,2008/09,S08000020,Total,d,2790,2840,2570,2080,310, 
512,2008/09,S08000020,Total,d,920,920,820,690, ,:
513,2008/09,S08000020,SMR04, ,1870,1920,1740,1440,310, 
514,2008/09,S08000031,Total,d,10350,10470,8980,7020,1180, 
515,2008/09,S08000031,Total,d,4010,4030,3150,2570, ,:
516,2008/09,S08000031,SMR04, ,6340,6440,5830,4730,1180, 
517,2008/09,S08000022,Total,d,2510,2530,2310,1810,230, 
518,2008/09,S08000022,Total,d,1170,1180,1000,850, ,:
519,2008/09,S08000022,SMR04, ,1340,1350,1310,1070,230, 
520,2008/09,S08000032,Total,d,4080,4110,3350,2620,430, 
521,2008/09,S08000032,Total,d,1640,1650,1180,910, ,:
522,2008/09,S08000032,SMR04, ,2430,2460,2180,1810,430, 
523,2008/09,S08000024,Total,d,5530,5560,4660,3740,670, 
524,2008/09,S08000024,Total,d,1960,1970,1430,1280, ,:
525,2008/09,S08000024,SMR04, ,3560,3590,3230,2620,670, 
526,2008/09,S08000025,Total,d,50,50,50,40,0, 
527,2008/09,S08000025,Total,d,50,50,50,40, ,:
528,2008/09,S08000025,SMR04, ,0,0,0,0,0, 
529,2008/09,S08000026,Total,d,60,60,60,50,0, 
530,2008/09,S08000026,Total,d,60,60,60,50, ,:
531,2008/09,S08000026,SMR04, ,0,0,0,0,0, 
532,2008/09,S08000030,Total,d,2700,2710,2520,2040,350, 
533,2008/09,S08000030,Total,d,540,530,490,450, ,:
534,2008/09,S08000030,SMR04, ,2160,2170,2030,1650,350, 
535,2008/09,S08000028,Total,d,240,230,220,180,30, 
536,2008/09,S08000028,Total,d,140,140,140,110, ,:
537,2008/09,S08000028,SMR04, ,100,90,90,80,30, 
538,2008/09,SB0802,Total,d,120,140,30,90,150, 
539,2008/09,SB0802,Total,d,0,0,0,0, ,:
540,2008/09,SB0802,SMR04, ,120,140,30,90,150, 
541,2009/10,S08000015,Total,d,2530,2520,2250,1730,270, 
542,2009/10,S08000015,Total,d,900,890,830,650, ,:
543,2009/10,S08000015,SMR04, ,1640,1630,1420,1180,270, 
544,2009/10,S08000016,Total,d,820,830,750,560,80, 
545,2009/10,S08000016,Total,d,250,250,220,190, ,:
546,2009/10,S08000016,SMR04, ,560,570,520,390,80, 
547,2009/10,S08000017,Total,d,900,910,800,650,90, 
548,2009/10,S08000017,Total,d,250,240,190,180, ,:
549,2009/10,S08000017,SMR04, ,650,670,610,490,90, 
550,2009/10,S08000029,Total,d,2210,2190,1770,1460,290, 
551,2009/10,S08000029,Total,d,650,640,420,400, ,:
552,2009/10,S08000029,SMR04, ,1560,1550,1350,1110,290, 
553,2009/10,S08000019,Total,d,1370,1400,1210,1000,200, 
554,2009/10,S08000019,Total,d,310,310,250,220, ,:
555,2009/10,S08000019,SMR04, ,1060,1080,960,800,200, 
556,2009/10,S08000020,Total,d,2850,2870,2540,2000,300, 
557,2009/10,S08000020,Total,d,1040,1040,840,700, ,:
558,2009/10,S08000020,SMR04, ,1820,1820,1700,1360,300, 
559,2009/10,S08000031,Total,d,9460,9510,8100,6430,1110, 
560,2009/10,S08000031,Total,d,3840,3840,3110,2550, ,:
561,2009/10,S08000031,SMR04, ,5610,5680,5000,4130,1110, 
562,2009/10,S08000022,Total,d,2210,2180,1970,1580,250, 
563,2009/10,S08000022,Total,d,990,980,820,670, ,:
564,2009/10,S08000022,SMR04, ,1220,1200,1150,990,250, 
565,2009/10,S08000032,Total,d,3790,3820,3060,2540,400, 
566,2009/10,S08000032,Total,d,1460,1460,1000,830, ,:
567,2009/10,S08000032,SMR04, ,2330,2360,2060,1770,400, 
568,2009/10,S08000024,Total,d,5330,5330,4420,3550,660, 
569,2009/10,S08000024,Total,d,2010,2000,1440,1300, ,:
570,2009/10,S08000024,SMR04, ,3320,3330,2980,2410,660, 
571,2009/10,S08000025,Total,d,60,60,60,50,0, 
572,2009/10,S08000025,Total,d,60,60,60,50, ,:
573,2009/10,S08000025,SMR04, ,0,0,0,0,0, 
574,2009/10,S08000026,Total,d,50,50,50,50,0, 
575,2009/10,S08000026,Total,d,50,50,50,50, ,:
576,2009/10,S08000026,SMR04, ,0,0,0,0,0, 
577,2009/10,S08000030,Total,d,2650,2660,2470,2030,340, 
578,2009/10,S08000030,Total,d,490,490,480,440, ,:
579,2009/10,S08000030,SMR04, ,2160,2170,1990,1650,340, 
580,2009/10,S08000028,Total,d,200,200,190,160,20, 
581,2009/10,S08000028,Total,d,140,140,130,110, ,:
582,2009/10,S08000028,SMR04, ,60,70,60,60,20, 
583,2009/10,SB0802,Total,d,140,160,10,100,140, 
584,2009/10,SB0802,Total,d,0,0,0,0, ,:
585,2009/10,SB0802,SMR04, ,140,160,10,100,140, 
586,2010/11,S08000015,Total,d,2610,2610,2270,1810,280, 
587,2010/11,S08000015,Total,d,970,970,870,710, ,:
588,2010/11,S08000015,SMR04, ,1650,1640,1400,1200,280, 
589,2010/11,S08000016,Total,d,860,860,770,590,80, 
590,2010/11,S08000016,Total,d,300,300,270,230, ,:
591,2010/11,S08000016,SMR04, ,550,560,500,380,80, 
592,2010/11,S08000017,Total,d,1070,1080,960,690,80, 
593,2010/11,S08000017,Total,d,330,330,260,220, ,:
594,2010/11,S08000017,SMR04, ,740,750,700,510,80, 
595,2010/11,S08000029,Total,d,2150,2170,1640,1400,280, 
596,2010/11,S08000029,Total,d,700,710,460,410, ,:
597,2010/11,S08000029,SMR04, ,1450,1460,1190,1020,280, 
598,2010/11,S08000019,Total,d,1390,1400,1150,960,190, 
599,2010/11,S08000019,Total,d,250,240,180,160, ,:
600,2010/11,S08000019,SMR04, ,1140,1150,970,810,190, 
601,2010/11,S08000020,Total,d,3210,3220,2630,2040,290, 
602,2010/11,S08000020,Total,d,1260,1260,820,700, ,:
603,2010/11,S08000020,SMR04, ,1940,1950,1810,1400,290, 
604,2010/11,S08000031,Total,d,9470,9420,7580,6050,1140, 
605,2010/11,S08000031,Total,d,4380,4370,3290,2650, ,:
606,2010/11,S08000031,SMR04, ,5090,5060,4290,3660,1140, 
607,2010/11,S08000022,Total,d,2110,2170,2010,1610,200, 
608,2010/11,S08000022,Total,d,870,890,760,650, ,:
609,2010/11,S08000022,SMR04, ,1240,1280,1250,1040,200, 
610,2010/11,S08000032,Total,d,3970,4010,3290,2660,360, 
611,2010/11,S08000032,Total,d,1620,1620,1160,980, ,:
612,2010/11,S08000032,SMR04, ,2350,2400,2120,1780,360, 
613,2010/11,S08000024,Total,d,5340,5360,4360,3620,630, 
614,2010/11,S08000024,Total,d,2260,2250,1540,1410, ,:
615,2010/11,S08000024,SMR04, ,3080,3110,2820,2400,630, 
616,2010/11,S08000025,Total,d,60,60,60,50,0, 
617,2010/11,S08000025,Total,d,60,60,60,50, ,:
618,2010/11,S08000025,SMR04, ,0,0,0,0,0, 
619,2010/11,S08000026,Total,d,70,70,70,60,0, 
620,2010/11,S08000026,Total,d,70,70,70,60, ,:
621,2010/11,S08000026,SMR04, ,0,0,0,0,0, 
622,2010/11,S08000030,Total,d,2400,2440,2190,1810,300, 
623,2010/11,S08000030,Total,d,520,520,450,430, ,:
624,2010/11,S08000030,SMR04, ,1880,1920,1740,1440,300, 
625,2010/11,S08000028,Total,d,160,160,140,120,20, 
626,2010/11,S08000028,Total,d,90,90,80,70, ,:
627,2010/11,S08000028,SMR04, ,70,70,70,50,20, 
628,2010/11,SB0802,Total,d,130,130,10,90,140, 
629,2010/11,SB0802,Total,d,0,0,0,0, ,:
630,2010/11,SB0802,SMR04, ,130,130,10,90,140, 
631,2011/12,S08000015,Total,d,2470,2500,2200,1730,250, 
632,2011/12,S08000015,Total,d,940,950,840,680, ,:
633,2011/12,S08000015,SMR04, ,1530,1550,1360,1120,250, 
634,2011/12,S08000016,Total,d,830,830,720,560,80, 
635,2011/12,S08000016,Total,d,280,280,250,220, ,:
636,2011/12,S08000016,SMR04, ,550,550,470,360,80, 
637,2011/12,S08000017,Total,d,1210,1220,1020,660,60, 
638,2011/12,S08000017,Total,d,470,470,400,250, ,:
639,2011/12,S08000017,SMR04, ,740,760,620,470,60, 
640,2011/12,S08000029,Total,d,2260,2270,1730,1420,250, 
641,2011/12,S08000029,Total,d,820,810,490,460, ,:
642,2011/12,S08000029,SMR04, ,1440,1460,1240,1010,250, 
643,2011/12,S08000019,Total,d,1360,1360,1140,990,180, 
644,2011/12,S08000019,Total,d,340,330,280,250, ,:
645,2011/12,S08000019,SMR04, ,1020,1030,860,770,180, 
646,2011/12,S08000020,Total,d,3400,3400,2720,2080,290, 
647,2011/12,S08000020,Total,d,1450,1440,900,730, ,:
648,2011/12,S08000020,SMR04, ,1950,1960,1820,1420,290, 
649,2011/12,S08000031,Total,d,9790,9850,7780,6240,1100, 
650,2011/12,S08000031,Total,d,4730,4750,3490,2750, ,:
651,2011/12,S08000031,SMR04, ,5060,5100,4280,3700,1100, 
652,2011/12,S08000022,Total,d,2100,2130,1900,1510,170, 
653,2011/12,S08000022,Total,d,900,900,730,610, ,:
654,2011/12,S08000022,SMR04, ,1200,1230,1180,1000,170, 
655,2011/12,S08000032,Total,d,4100,4100,3320,2700,350, 
656,2011/12,S08000032,Total,d,1770,1770,1240,1050, ,:
657,2011/12,S08000032,SMR04, ,2320,2330,2080,1750,350, 
658,2011/12,S08000024,Total,d,5730,5770,4650,3840,600, 
659,2011/12,S08000024,Total,d,2520,2540,1720,1550, ,:
660,2011/12,S08000024,SMR04, ,3210,3240,2920,2480,600, 
661,2011/12,S08000025,Total,d,60,60,60,50,0, 
662,2011/12,S08000025,Total,d,60,60,60,50, ,:
663,2011/12,S08000025,SMR04, ,0,0,0,0,0, 
664,2011/12,S08000026,Total,d,90,90,90,60,0, 
665,2011/12,S08000026,Total,d,90,90,90,60, ,:
666,2011/12,S08000026,SMR04, ,0,0,0,0,0, 
667,2011/12,S08000030,Total,d,2550,2560,2180,1830,280, 
668,2011/12,S08000030,Total,d,670,660,520,490, ,:
669,2011/12,S08000030,SMR04, ,1880,1900,1660,1390,280, 
670,2011/12,S08000028,Total,d,150,160,140,120,20, 
671,2011/12,S08000028,Total,d,90,90,80,70, ,:
672,2011/12,S08000028,SMR04, ,60,60,60,60,20, 
673,2011/12,SB0802,Total,d,280,280,0,140,140, 
674,2011/12,SB0802,Total,d,0,0,0,0, ,:
675,2011/12,SB0802,SMR04, ,280,280,0,140,140, 
676,2012/13,S08000015,Total,d,2230,2250,1980,1510,230, 
677,2012/13,S08000015,Total,d,930,920,800,630, ,:
678,2012/13,S08000015,SMR04, ,1300,1330,1180,940,230, 
679,2012/13,S08000016,Total,d,780,800,680,530,60, 
680,2012/13,S08000016,Total,d,270,270,240,210, ,:
681,2012/13,S08000016,SMR04, ,510,520,450,340,60, 
682,2012/13,S08000017,Total,d,1120,1130,980,620,70, 
683,2012/13,S08000017,Total,d,470,470,400,240, ,:
684,2012/13,S08000017,SMR04, ,660,660,580,420,70, 
685,2012/13,S08000029,Total,d,2380,2380,1880,1490,240, 
686,2012/13,S08000029,Total,d,1000,990,670,590, ,:
687,2012/13,S08000029,SMR04, ,1380,1390,1210,960,240, 
688,2012/13,S08000019,Total,d,1490,1500,1240,1060,180, 
689,2012/13,S08000019,Total,d,410,420,310,280, ,:
690,2012/13,S08000019,SMR04, ,1080,1080,930,810,180, 
691,2012/13,S08000020,Total,d,3380,3360,2700,2140,320, 
692,2012/13,S08000020,Total,d,1320,1340,870,730, ,:
693,2012/13,S08000020,SMR04, ,2060,2030,1830,1490,320, 
694,2012/13,S08000031,Total,d,9610,9660,7500,6130,1060, 
695,2012/13,S08000031,Total,d,4410,4420,3170,2540, ,:
696,2012/13,S08000031,SMR04, ,5210,5250,4330,3820,1060, 
697,2012/13,S08000022,Total,d,2110,2100,1860,1480,170, 
698,2012/13,S08000022,Total,d,890,890,700,600, ,:
699,2012/13,S08000022,SMR04, ,1220,1210,1170,970,170, 
700,2012/13,S08000032,Total,d,4150,4160,3350,2640,340, 
701,2012/13,S08000032,Total,d,1800,1790,1190,980, ,:
702,2012/13,S08000032,SMR04, ,2360,2370,2160,1740,340, 
703,2012/13,S08000024,Total,d,5890,5900,4660,3910,580, 
704,2012/13,S08000024,Total,d,2770,2750,1800,1650, ,:
705,2012/13,S08000024,SMR04, ,3120,3150,2860,2420,580, 
706,2012/13,S08000025,Total,d,60,60,60,50,0, 
707,2012/13,S08000025,Total,d,60,60,60,50, ,:
708,2012/13,S08000025,SMR04, ,0,0,0,0,0, 
709,2012/13,S08000026,Total,d,80,80,80,70,0, 
710,2012/13,S08000026,Total,d,80,80,80,70, ,:
711,2012/13,S08000026,SMR04, ,0,0,0,0,0, 
712,2012/13,S08000030,Total,d,2660,2620,2220,1820,320, 
713,2012/13,S08000030,Total,d,680,680,520,490, ,:
714,2012/13,S08000030,SMR04, ,1980,1940,1700,1390,320, 
715,2012/13,S08000028,Total,d,150,160,140,120,20, 
716,2012/13,S08000028,Total,d,90,100,80,70, ,:
717,2012/13,S08000028,SMR04, ,60,60,60,50,20, 
718,2012/13,SB0802,Total,d,110,110,10,80,130, 
719,2012/13,SB0802,Total,d,0,0,0,0, ,:
720,2012/13,SB0802,SMR04, ,110,110,10,80,130, 
721,2013/14,S08000015,Total,d,2260,2270,1870,1540,210, 
722,2013/14,S08000015,Total,d,960,940,760,620, ,:
723,2013/14,S08000015,SMR04, ,1310,1330,1120,980,210, 
724,2013/14,S08000016,Total,d,780,790,680,500,60, 
725,2013/14,S08000016,Total,d,300,300,250,220, ,:
726,2013/14,S08000016,SMR04, ,480,490,420,320,60, 
727,2013/14,S08000017,Total,d,1290,1290,1130,670,70, 
728,2013/14,S08000017,Total,d,630,630,540,300, ,:
729,2013/14,S08000017,SMR04, ,670,660,590,410,70, 
730,2013/14,S08000029,Total,d,2760,2750,2040,1620,230, 
731,2013/14,S08000029,Total,d,1300,1290,850,750, ,:
732,2013/14,S08000029,SMR04, ,1460,1460,1190,940,230, 
733,2013/14,S08000019,Total,d,1560,1560,1290,1060,160, 
734,2013/14,S08000019,Total,d,470,460,300,250, ,:
735,2013/14,S08000019,SMR04, ,1090,1100,990,840,160, 
736,2013/14,S08000020,Total,d,3300,3290,2740,2220,320, 
737,2013/14,S08000020,Total,d,1300,1290,960,820, ,:
738,2013/14,S08000020,SMR04, ,2000,2000,1790,1470,320, 
739,2013/14,S08000031,Total,d,10250,10240,7820,6270,1060, 
740,2013/14,S08000031,Total,d,4980,4970,3320,2660, ,:
741,2013/14,S08000031,SMR04, ,5270,5270,4500,3860,1060, 
742,2013/14,S08000022,Total,d,2170,2150,1850,1490,170, 
743,2013/14,S08000022,Total,d,900,900,700,590, ,:
744,2013/14,S08000022,SMR04, ,1270,1250,1160,980,170, 
745,2013/14,S08000032,Total,d,4310,4310,3060,2490,340, 
746,2013/14,S08000032,Total,d,2370,2370,1360,1130, ,:
747,2013/14,S08000032,SMR04, ,1940,1940,1690,1450,340, 
748,2013/14,S08000024,Total,d,5770,5800,4490,3770,590, 
749,2013/14,S08000024,Total,d,2440,2470,1670,1500, ,:
750,2013/14,S08000024,SMR04, ,3330,3330,2820,2420,590, 
751,2013/14,S08000025,Total,d,60,60,60,50,0, 
752,2013/14,S08000025,Total,d,60,60,60,50, ,:
753,2013/14,S08000025,SMR04, ,0,0,0,0,0, 
754,2013/14,S08000026,Total,d,90,90,90,70,0, 
755,2013/14,S08000026,Total,d,90,90,90,70, ,:
756,2013/14,S08000026,SMR04, ,0,0,0,0,0, 
757,2013/14,S08000030,Total,d,2780,2810,2370,1920,290, 
758,2013/14,S08000030,Total,d,810,820,630,560, ,:
759,2013/14,S08000030,SMR04, ,1960,1990,1740,1420,290, 
760,2013/14,S08000028,Total,d,150,140,120,110,20, 
761,2013/14,S08000028,Total,d,100,100,80,80, ,:
762,2013/14,S08000028,SMR04, ,40,40,40,40,20, 
763,2013/14,SB0802,Total,d,70,70,10,70,130, 
764,2013/14,SB0802,Total,d,0,0,0,0, ,:
765,2013/14,SB0802,SMR04, ,70,70,10,70,130, 
766,2014/15,S08000015,Total,d,2360,2360,1860,1490,210, 
767,2014/15,S08000015,Total,d,1090,1090,790,660, ,:
768,2014/15,S08000015,SMR04, ,1270,1270,1060,890,210, 
769,2014/15,S08000016,Total,d,740,750,590,480,50, 
770,2014/15,S08000016,Total,d,290,280,200,190, ,:
771,2014/15,S08000016,SMR04, ,460,470,390,300,50, 
772,2014/15,S08000017,Total,d,1290,1290,1090,630,70, 
773,2014/15,S08000017,Total,d,560,560,460,260, ,:
774,2014/15,S08000017,SMR04, ,740,740,640,420,70, 
775,2014/15,S08000029,Total,d,2550,2570,1880,1560,220, 
776,2014/15,S08000029,Total,d,1100,1110,750,670, ,:
777,2014/15,S08000029,SMR04, ,1450,1460,1120,960,220, 
778,2014/15,S08000019,Total,d,1760,1780,1370,1150,160, 
779,2014/15,S08000019,Total,d,570,580,410,350, ,:
780,2014/15,S08000019,SMR04, ,1190,1190,960,830,160, 
781,2014/15,S08000020,Total,d,2900,2910,2540,1970,300, 
782,2014/15,S08000020,Total,d,980,970,820,710, ,:
783,2014/15,S08000020,SMR04, ,1920,1940,1730,1320,300, 
784,2014/15,S08000031,Total,d,11100,11090,7920,6380,1050, 
785,2014/15,S08000031,Total,d,5670,5660,3370,2680, ,:
786,2014/15,S08000031,SMR04, ,5430,5430,4540,3980,1050, 
787,2014/15,S08000022,Total,d,2300,2310,1810,1480,170, 
788,2014/15,S08000022,Total,d,1110,1110,750,640, ,:
789,2014/15,S08000022,SMR04, ,1200,1200,1060,910,170, 
790,2014/15,S08000032,Total,d,4540,4540,3020,2500,340, 
791,2014/15,S08000032,Total,d,2780,2780,1540,1280, ,:
792,2014/15,S08000032,SMR04, ,1760,1760,1480,1320,340, 
793,2014/15,S08000024,Total,d,6310,6270,4580,3710,620, 
794,2014/15,S08000024,Total,d,2820,2810,1810,1600, ,:
795,2014/15,S08000024,SMR04, ,3490,3460,2770,2270,620, 
796,2014/15,S08000025,Total,d,80,80,70,60,0, 
797,2014/15,S08000025,Total,d,80,80,70,60, ,:
798,2014/15,S08000025,SMR04, ,0,0,0,0,0, 
799,2014/15,S08000026,Total,d,80,90,90,60,0, 
800,2014/15,S08000026,Total,d,80,90,90,60, ,:
801,2014/15,S08000026,SMR04, ,0,0,0,0,0, 
802,2014/15,S08000030,Total,d,3200,3200,2510,2100,290, 
803,2014/15,S08000030,Total,d,980,980,700,650, ,:
804,2014/15,S08000030,SMR04, ,2220,2220,1820,1520,290, 
805,2014/15,S08000028,Total,d,100,110,90,80,20, 
806,2014/15,S08000028,Total,d,70,70,60,50, ,:
807,2014/15,S08000028,SMR04, ,30,40,30,30,20, 
808,2014/15,SB0802,Total,d,110,120,10,80,120, 
809,2014/15,SB0802,Total,d,0,0,0,0, ,:
810,2014/15,SB0802,SMR04, ,110,120,10,80,120, 
811,2015/16,S08000015,Total,d,2430,2460,1870,1520,190, 
812,2015/16,S08000015,Total,d,1190,1190,790,690, ,:
813,2015/16,S08000015,SMR04, ,1240,1270,1070,910,190, 
814,2015/16,S08000016,Total,d,780,780,570,460,50, 
815,2015/16,S08000016,Total,d,280,280,190,180, ,:
816,2015/16,S08000016,SMR04, ,490,500,380,300,50, 
817,2015/16,S08000017,Total,d,1370,1390,1100,630,50, 
818,2015/16,S08000017,Total,d,590,590,440,290, ,:
819,2015/16,S08000017,SMR04, ,780,800,650,380,50, 
820,2015/16,S08000029,Total,d,2570,2590,1890,1560,200, 
821,2015/16,S08000029,Total,d,1130,1120,740,660, ,:
822,2015/16,S08000029,SMR04, ,1440,1470,1150,970,200, 
823,2015/16,S08000019,Total,d,1960,1940,1510,1230,170, 
824,2015/16,S08000019,Total,d,580,570,400,360, ,:
825,2015/16,S08000019,SMR04, ,1380,1370,1100,910,170, 
826,2015/16,S08000020,Total,d,3100,3100,2640,2120,310, 
827,2015/16,S08000020,Total,d,1180,1190,1000,850, ,:
828,2015/16,S08000020,SMR04, ,1920,1900,1640,1320,310, 
829,2015/16,S08000031,Total,d,12510,12500,8240,6650,1050, 
830,2015/16,S08000031,Total,d,7000,7010,3790,3000, ,:
831,2015/16,S08000031,SMR04, ,5500,5500,4450,3920,1050, 
832,2015/16,S08000022,Total,d,2350,2350,1760,1440,180, 
833,2015/16,S08000022,Total,d,1060,1060,700,630, ,:
834,2015/16,S08000022,SMR04, ,1290,1290,1060,890,180, 
835,2015/16,S08000032,Total,d,4800,4830,3080,2500,310, 
836,2015/16,S08000032,Total,d,2980,2980,1520,1270, ,:
837,2015/16,S08000032,SMR04, ,1820,1850,1550,1320,310, 
838,2015/16,S08000024,Total,d,6430,6470,4590,3860,580, 
839,2015/16,S08000024,Total,d,2940,2930,1870,1700, ,:
840,2015/16,S08000024,SMR04, ,3500,3540,2730,2320,580, 
841,2015/16,S08000025,Total,d,60,60,60,50,0, 
842,2015/16,S08000025,Total,d,60,60,60,50, ,:
843,2015/16,S08000025,SMR04, ,0,0,0,0,0, 
844,2015/16,S08000026,Total,d,70,70,70,60,0, 
845,2015/16,S08000026,Total,d,70,70,70,60, ,:
846,2015/16,S08000026,SMR04, ,0,0,0,0,0, 
847,2015/16,S08000030,Total,d,3640,3630,2760,2200,290, 
848,2015/16,S08000030,Total,d,1250,1240,810,750, ,:
849,2015/16,S08000030,SMR04, ,2390,2390,1950,1540,290, 
850,2015/16,S08000028,Total,d,150,150,110,110,20, 
851,2015/16,S08000028,Total,d,110,110,80,70, ,:
852,2015/16,S08000028,SMR04, ,40,40,30,40,20, 
853,2015/16,SB0802,Total,d,90,90,20,80,120, 
854,2015/16,SB0802,Total,d,0,0,0,0, ,:
855,2015/16,SB0802,SMR04, ,90,90,20,80,120, 
856,2016/17,S08000015,Total,d,2680,2680,1940,1590,190, 
857,2016/17,S08000015,Total,d,1460,1460,940,790, ,:
858,2016/17,S08000015,SMR04, ,1220,1220,1000,880,190, 
859,2016/17,S08000016,Total,d,710,700,550,460,60, 
860,2016/17,S08000016,Total,d,260,260,190,160, ,:
861,2016/17,S08000016,SMR04, ,440,440,360,310,60, 
862,2016/17,S08000017,Total,d,1560,1550,1080,610,60, 
863,2016/17,S08000017,Total,d,710,720,540,300, ,:
864,2016/17,S08000017,SMR04, ,850,840,540,370,60, 
865,2016/17,S08000029,Total,d,2850,2830,2030,1670,220, 
866,2016/17,S08000029,Total,d,1360,1360,850,770, ,:
867,2016/17,S08000029,SMR04, ,1480,1470,1180,970,220, 
868,2016/17,S08000019,Total,d,2120,2110,1550,1260,170, 
869,2016/17,S08000019,Total,d,690,680,450,400, ,:
870,2016/17,S08000019,SMR04, ,1430,1420,1100,900,170, 
871,2016/17,S08000020,Total,d,3010,3000,2520,2050,310, 
872,2016/17,S08000020,Total,d,1320,1310,1030,860, ,:
873,2016/17,S08000020,SMR04, ,1690,1690,1500,1250,310, 
874,2016/17,S08000031,Total,d,13560,13670,8780,6980,950, 
875,2016/17,S08000031,Total,d,8430,8430,4410,3450, ,:
876,2016/17,S08000031,SMR04, ,5140,5240,4370,3810,950, 
877,2016/17,S08000022,Total,d,2180,2180,1710,1420,180, 
878,2016/17,S08000022,Total,d,1110,1100,770,670, ,:
879,2016/17,S08000022,SMR04, ,1080,1080,940,820,180, 
880,2016/17,S08000032,Total,d,5060,5060,3150,2620,300, 
881,2016/17,S08000032,Total,d,3160,3160,1580,1390, ,:
882,2016/17,S08000032,SMR04, ,1900,1900,1570,1340,300, 
883,2016/17,S08000024,Total,d,6460,6460,4560,3710,580, 
884,2016/17,S08000024,Total,d,2980,2980,1840,1620, ,:
885,2016/17,S08000024,SMR04, ,3470,3480,2720,2230,580, 
886,2016/17,S08000025,Total,d,30,30,20,20,0, 
887,2016/17,S08000025,Total,d,30,30,20,20, ,:
888,2016/17,S08000025,SMR04, ,0,0,0,0,0, 
889,2016/17,S08000026,Total,d,70,70,70,70,0, 
890,2016/17,S08000026,Total,d,70,70,70,70, ,:
891,2016/17,S08000026,SMR04, ,0,0,0,0,0, 
892,2016/17,S08000030,Total,d,3740,3750,2800,2240,280, 
893,2016/17,S08000030,Total,d,1350,1360,870,770, ,:
894,2016/17,S08000030,SMR04, ,2390,2400,1930,1560,280, 
895,2016/17,S08000028,Total,d,140,140,120,90,20, 
896,2016/17,S08000028,Total,d,110,110,90,70, ,:
897,2016/17,S08000028,SMR04, ,40,40,30,30,20, 
898,2016/17,SB0802,Total,d,140,140,20,100,110, 
899,2016/17,SB0802,Total,d,0,0,0,0, ,:
900,2016/17,SB0802,SMR04, ,140,140,20,100,110, 
901,2017/18,S08000015,Total,d,2560,2560,1910,1530,200, 
902,2017/18,S08000015,Total,d,1450,1460,930,760, ,:
903,2017/18,S08000015,SMR04, ,1110,1100,980,870,200, 
904,2017/18,S08000016,Total,d,830,820,610,500,60, 
905,2017/18,S08000016,Total,d,400,400,260,220, ,:
906,2017/18,S08000016,SMR04, ,430,420,350,290,60, 
907,2017/18,S08000017,Total,d,1530,1520,1050,640,70, 
908,2017/18,S08000017,Total,d,700,700,470,300, ,:
909,2017/18,S08000017,SMR04, ,830,830,580,390,70, 
910,2017/18,S08000029,Total,d,3520,3530,2290,1840,200, 
911,2017/18,S08000029,Total,d,1990,1980,1180,1050, ,:
912,2017/18,S08000029,SMR04, ,1530,1550,1110,870,200, 
913,2017/18,S08000019,Total,d,2160,2140,1610,1290,190, 
914,2017/18,S08000019,Total,d,810,810,570,490, ,:
915,2017/18,S08000019,SMR04, ,1350,1340,1040,860,190, 
916,2017/18,S08000020,Total,d,3010,3030,2550,2020,300, 
917,2017/18,S08000020,Total,d,1230,1240,980,800, ,:
918,2017/18,S08000020,SMR04, ,1780,1790,1570,1280,300, 
919,2017/18,S08000031,Total,d,14760,14790,9150,7290,920, 
920,2017/18,S08000031,Total,d,9210,9200,4690,3660, ,:
921,2017/18,S08000031,SMR04, ,5550,5590,4460,3930,920, 
922,2017/18,S08000022,Total,d,2130,2150,1670,1380,170, 
923,2017/18,S08000022,Total,d,1040,1050,720,640, ,:
924,2017/18,S08000022,SMR04, ,1090,1100,940,820,170, 
925,2017/18,S08000032,Total,d,5330,5360,3100,2580,270, 
926,2017/18,S08000032,Total,d,3600,3590,1660,1430, ,:
927,2017/18,S08000032,SMR04, ,1740,1770,1430,1240,270, 
928,2017/18,S08000024,Total,d,6870,6880,4560,3770,560, 
929,2017/18,S08000024,Total,d,3380,3380,1890,1700, ,:
930,2017/18,S08000024,SMR04, ,3480,3510,2670,2220,560, 
931,2017/18,S08000025,Total,d,70,70,60,50,0, 
932,2017/18,S08000025,Total,d,70,70,60,50, ,:
933,2017/18,S08000025,SMR04, ,0,0,0,0,0, 
934,2017/18,S08000026,Total,d,90,90,90,70,0, 
935,2017/18,S08000026,Total,d,90,90,90,70, ,:
936,2017/18,S08000026,SMR04, ,0,0,0,0,0, 
937,2017/18,S08000030,Total,d,3520,3490,2620,2170,310, 
938,2017/18,S08000030,Total,d,1570,1560,1010,870, ,:
939,2017/18,S08000030,SMR04, ,1950,1930,1610,1400,310, 
940,2017/18,S08000028,Total,d,190,200,160,120,20, 
941,2017/18,S08000028,Total,d,150,150,120,90, ,:
942,2017/18,S08000028,SMR04, ,40,40,40,40,20, 
943,2017/18,SB0802,Total,d,120,120,20,80,110, 
944,2017/18,SB0802,Total,d,0,0,0,0, ,:
945,2017/18,SB0802,SMR04, ,120,120,20,80,110, 
946,2018/19,S08000015,Total,d,2670,2680,2000,1620,180, 
947,2018/19,S08000015,Total,d,1550,1530,970,820, ,:
948,2018/19,S08000015,SMR04, ,1120,1150,1030,890,180, 
949,2018/19,S08000016,Total,d,850,860,550,470,60, 
950,2018/19,S08000016,Total,d,440,440,220,200, ,:
951,2018/19,S08000016,SMR04, ,420,420,320,280,60, 
952,2018/19,S08000017,Total,d,1730,1720,1140,600,80, 
953,2018/19,S08000017,Total,d,690,690,530,260, ,:
954,2018/19,S08000017,SMR04, ,1040,1020,610,390,80, 
955,2018/19,S08000029,Total,d,3630,3630,2350,1850,210, 
956,2018/19,S08000029,Total,d,2070,2060,1240,1070, ,:
957,2018/19,S08000029,SMR04, ,1560,1560,1110,870,210, 
958,2018/19,S08000019,Total,d,2110,2140,1580,1270,160, 
959,2018/19,S08000019,Total,d,890,890,600,510, ,:
960,2018/19,S08000019,SMR04, ,1220,1250,980,810,160, 
961,2018/19,S08000020,Total,d,3200,3220,2640,2110,280, 
962,2018/19,S08000020,Total,d,1450,1440,1120,940, ,:
963,2018/19,S08000020,SMR04, ,1750,1780,1520,1240,280, 
964,2018/19,S08000031,Total,d,15320,15290,9310,7200,950, 
965,2018/19,S08000031,Total,d,9060,9060,4630,3570, ,:
966,2018/19,S08000031,SMR04, ,6250,6230,4680,3940,950, 
967,2018/19,S08000022,Total,d,2130,2120,1620,1350,160, 
968,2018/19,S08000022,Total,d,1210,1200,820,710, ,:
969,2018/19,S08000022,SMR04, ,920,930,800,720,160, 
970,2018/19,S08000032,Total,d,5800,5770,3310,2650,280, 
971,2018/19,S08000032,Total,d,4050,4030,1880,1580, ,:
972,2018/19,S08000032,SMR04, ,1750,1730,1420,1180,280, 
973,2018/19,S08000024,Total,d,7070,7100,4760,3940,530, 
974,2018/19,S08000024,Total,d,3610,3610,2100,1860, ,:
975,2018/19,S08000024,SMR04, ,3460,3490,2660,2240,530, 
976,2018/19,S08000025,Total,d,70,70,60,50,0, 
977,2018/19,S08000025,Total,d,70,70,60,50, ,:
978,2018/19,S08000025,SMR04, ,0,0,0,0,0, 
979,2018/19,S08000026,Total,d,90,90,90,80,0, 
980,2018/19,S08000026,Total,d,90,90,90,80, ,:
981,2018/19,S08000026,SMR04, ,0,0,0,0,0, 
982,2018/19,S08000030,Total,d,3850,3870,2910,2340,290, 
983,2018/19,S08000030,Total,d,1620,1620,1090,960, ,:
984,2018/19,S08000030,SMR04, ,2240,2250,1820,1510,290, 
985,2018/19,S08000028,Total,d,190,200,150,130,10, 
986,2018/19,S08000028,Total,d,140,140,100,90, ,:
987,2018/19,S08000028,SMR04, ,50,60,50,50,10, 
988,2018/19,SB0802,Total,d,80,80,20,60,110, 
989,2018/19,SB0802,Total,d,0,0,0,0, ,:
990,2018/19,SB0802,SMR04, ,80,80,20,60,110, 
991,2019/20,S08000015,Total,d,2480,2520,1820,1480,160, 
992,2019/20,S08000015,Total,d,1480,1500,910,770, ,:
993,2019/20,S08000015,SMR04, ,1000,1020,910,780,160, 
994,2019/20,S08000016,Total,d,970,990,680,540,40, 
995,2019/20,S08000016,Total,d,510,510,280,240, ,:
996,2019/20,S08000016,SMR04, ,460,480,400,320,40, 
997,2019/20,S08000017,Total,d,1640,1660,1180,640,70, 
998,2019/20,S08000017,Total,d,780,780,550,290, ,:
999,2019/20,S08000017,SMR04, ,870,880,630,420,70, 
1000,2019/20,S08000029,Total,d,3450,3540,2310,1830,140, 
1001,2019/20,S08000029,Total,d,1950,1970,1210,1030, ,:
1002,2019/20,S08000029,SMR04, ,1500,1570,1100,860,140, 
1003,2019/20,S08000019,Total,d,3300,3360,1720,1390,110, 
1004,2019/20,S08000019,Total,d,2040,2050,850,730, ,:
1005,2019/20,S08000019,SMR04, ,1260,1310,880,750,110, 
1006,2019/20,S08000020,Total,d,3290,3360,2810,2130,210, 
1007,2019/20,S08000020,Total,d,1430,1440,1180,950, ,:
1008,2019/20,S08000020,SMR04, ,1860,1920,1630,1250,210, 
1009,2019/20,S08000031,Total,d,16220,16450,9720,7400,760, 
1010,2019/20,S08000031,Total,d,10050,10090,5010,3740, ,:
1011,2019/20,S08000031,SMR04, ,6180,6360,4710,3970,760, 
1012,2019/20,S08000022,Total,d,2160,2200,1610,1340,130, 
1013,2019/20,S08000022,Total,d,1260,1280,840,730, ,:
1014,2019/20,S08000022,SMR04, ,900,920,770,670,130, 
1015,2019/20,S08000032,Total,d,6090,6200,3540,2820,210, 
1016,2019/20,S08000032,Total,d,4450,4490,2090,1700, ,:
1017,2019/20,S08000032,SMR04, ,1640,1710,1450,1220,210, 
1018,2019/20,S08000024,Total,d,7570,7680,5090,4100,460, 
1019,2019/20,S08000024,Total,d,4070,4110,2280,1920, ,:
1020,2019/20,S08000024,SMR04, ,3500,3570,2820,2320,460, 
1021,2019/20,S08000025,Total,d,60,60,60,40,0, 
1022,2019/20,S08000025,Total,d,60,60,60,40, ,:
1023,2019/20,S08000025,SMR04, ,0,0,0,0,0, 
1024,2019/20,S08000026,Total,d,100,100,90,80,0, 
1025,2019/20,S08000026,Total,d,100,100,90,80, ,:
1026,2019/20,S08000026,SMR04, ,0,0,0,0,0, 
1027,2019/20,S08000030,Total,d,4060,4120,2970,2410,250, 
1028,2019/20,S08000030,Total,d,2060,2080,1300,1090, ,:
1029,2019/20,S08000030,SMR04, ,2000,2040,1680,1420,250, 
1030,2019/20,S08000028,Total,d,180,190,150,130,10, 
1031,2019/20,S08000028,Total,d,130,130,100,100, ,:
1032,2019/20,S08000028,SMR04, ,50,50,40,40,10, 
1033,2019/20,SB0802,Total,d,100,100,20,80,110, 
1034,2019/20,SB0802,Total,d,0,0,0,0, ,:
1035,2019/20,SB0802,SMR04, ,100,100,20,80,110, 
1036,2020/21,S08000015,Total,d,2330,2300,1700,1440,170, 
1037,2020/21,S08000015,Total,d,1400,1390,910,780, ,:
1038,2020/21,S08000015,SMR04, ,930,920,800,710,170, 
1039,2020/21,S08000016,Total,d,960,950,620,480,40, 
1040,2020/21,S08000016,Total,d,500,500,250,220, ,:
1041,2020/21,S08000016,SMR04, ,460,460,370,270,40, 
1042,2020/21,S08000017,Total,d,1350,1330,1020,600,90, 
1043,2020/21,S08000017,Total,d,680,680,480,270, ,:
1044,2020/21,S08000017,SMR04, ,670,660,540,370,90, 
1045,2020/21,S08000029,Total,d,2950,2900,1880,1500,160, 
1046,2020/21,S08000029,Total,d,1820,1800,1080,920, ,:
1047,2020/21,S08000029,SMR04, ,1120,1100,800,640,160, 
1048,2020/21,S08000019,Total,d,3640,3620,1620,1270,120, 
1049,2020/21,S08000019,Total,d,2280,2270,810,680, ,:
1050,2020/21,S08000019,SMR04, ,1360,1360,810,670,120, 
1051,2020/21,S08000020,Total,d,3370,3340,2670,2040,240, 
1052,2020/21,S08000020,Total,d,1560,1550,1200,990, ,:
1053,2020/21,S08000020,SMR04, ,1820,1790,1470,1110,240, 
1054,2020/21,S08000031,Total,d,16580,16470,8740,6690,810, 
1055,2020/21,S08000031,Total,d,10540,10480,4560,3510, ,:
1056,2020/21,S08000031,SMR04, ,6040,5990,4180,3480,810, 
1057,2020/21,S08000022,Total,d,1990,1970,1240,1080,130, 
1058,2020/21,S08000022,Total,d,1290,1280,730,640, ,:
1059,2020/21,S08000022,SMR04, ,690,690,520,500,130, 
1060,2020/21,S08000032,Total,d,5130,5120,3110,2410,190, 
1061,2020/21,S08000032,Total,d,3690,3670,1840,1480, ,:
1062,2020/21,S08000032,SMR04, ,1440,1450,1270,1000,190, 
1063,2020/21,S08000024,Total,d,8000,7910,4960,3990,510, 
1064,2020/21,S08000024,Total,d,4380,4340,2240,1910, ,:
1065,2020/21,S08000024,SMR04, ,3610,3570,2730,2250,510, 
1066,2020/21,S08000025,Total,d,60,60,50,40,0, 
1067,2020/21,S08000025,Total,d,60,60,50,40, ,:
1068,2020/21,S08000025,SMR04, ,0,0,0,0,0, 
1069,2020/21,S08000026,Total,d,70,70,60,60,0, 
1070,2020/21,S08000026,Total,d,70,70,60,60, ,:
1071,2020/21,S08000026,SMR04, ,0,0,0,0,0, 
1072,2020/21,S08000030,Total,d,3580,3530,2600,2100,280, 
1073,2020/21,S08000030,Total,d,1750,1730,1120,950, ,:
1074,2020/21,S08000030,SMR04, ,1820,1800,1480,1260,280, 
1075,2020/21,S08000028,Total,d,150,150,120,100,10, 
1076,2020/21,S08000028,Total,d,80,80,70,60, ,:
1077,2020/21,S08000028,SMR04, ,60,70,50,50,10, 
1078,2020/21,SB0802,Total,d,90,90,20,70,110, 
1079,2020/21,SB0802,Total,d,0,0,0,0, ,:
1080,2020/21,SB0802,SMR04, ,90,90,20,70,110, 
1081,2021/22,S08000015,Total,d,2140,2160,1580,1350,170, 
1082,2021/22,S08000015,Total,d,1280,1310,850,730, ,:
1083,2021/22,S08000015,SMR04, ,860,850,740,680,170, 
1084,2021/22,S08000016,Total,d,800,810,520,420,40, 
1085,2021/22,S08000016,Total,d,380,380,180,170, ,:
1086,2021/22,S08000016,SMR04, ,430,420,330,270,40, 
1087,2021/22,S08000017,Total,d,1280,1290,980,590,90, 
1088,2021/22,S08000017,Total,d,570,580,430,230, ,:
1089,2021/22,S08000017,SMR04, ,710,710,550,390,90, 
1090,2021/22,S08000029,Total,d,3290,3340,2220,1750,150, 
1091,2021/22,S08000029,Total,d,2040,2090,1260,1040, ,:
1092,2021/22,S08000029,SMR04, ,1240,1260,960,770,150, 
1093,2021/22,S08000019,Total,d,3260,3300,1560,1260,110, 
1094,2021/22,S08000019,Total,d,2080,2100,750,640, ,:
1095,2021/22,S08000019,SMR04, ,1180,1190,810,680,110, 
1096,2021/22,S08000020,Total,d,3230,3260,2690,2100,240, 
1097,2021/22,S08000020,Total,d,1630,1650,1320,1070, ,:
1098,2021/22,S08000020,SMR04, ,1600,1610,1370,1100,240, 
1099,2021/22,S08000031,Total,d,15800,15970,8490,6480,750, 
1100,2021/22,S08000031,Total,d,10660,10780,4790,3610, ,:
1101,2021/22,S08000031,SMR04, ,5140,5200,3700,3150,750, 
1102,2021/22,S08000022,Total,d,1860,1860,1220,1020,160, 
1103,2021/22,S08000022,Total,d,1300,1330,800,680, ,:
1104,2021/22,S08000022,SMR04, ,560,520,410,410,160, 
1105,2021/22,S08000032,Total,d,5400,5450,3180,2470,170, 
1106,2021/22,S08000032,Total,d,3900,3940,1870,1500, ,:
1107,2021/22,S08000032,SMR04, ,1500,1510,1320,1060,170, 
1108,2021/22,S08000024,Total,d,8100,8190,4960,3940,500, 
1109,2021/22,S08000024,Total,d,4590,4660,2200,1870, ,:
1110,2021/22,S08000024,SMR04, ,3510,3520,2770,2230,500, 
1111,2021/22,S08000025,Total,d,50,50,50,40,0, 
1112,2021/22,S08000025,Total,d,50,50,50,40, ,:
1113,2021/22,S08000025,SMR04, ,0,0,0,0,0, 
1114,2021/22,S08000026,Total,d,70,70,70,60,0, 
1115,2021/22,S08000026,Total,d,70,70,70,60, ,:
1116,2021/22,S08000026,SMR04, ,0,0,0,0,0, 
1117,2021/22,S08000030,Total,d,3680,3730,2840,2320,250, 
1118,2021/22,S08000030,Total,d,1910,1930,1310,1080, ,:
1119,2021/22,S08000030,SMR04, ,1770,1800,1540,1330,250, 
1120,2021/22,S08000028,Total,d,160,170,140,110,0, 
1121,2021/22,S08000028,Total,d,100,100,80,60, ,:
1122,2021/22,S08000028,SMR04, ,70,70,60,50,0, 
1123,2021/22,SB0802,Total,d,40,30,10,30,120, 
1124,2021/22,SB0802,Total,d,0,0,0,0, ,:
1125,2021/22,SB0802,SMR04, ,40,30,10,30,120, 
